<?xml version="1.0" encoding="UTF-8"?>
<cheats version="1.0">
 <cheat enabled="0" game="0x5DBD6099">
  <genie>AVXNXPVG</genie>
  <rocky>D359A430</rocky>
  <address>0xF9AA</address>
  <value>0x60</value>
  <compare>0xC6</compare>
  <description>Infinite Life</description>
 </cheat>
 <cheat enabled="0" game="0x5DBD6099">
  <genie>LENTOUTY</genie>
  <rocky>EEF39A78</rocky>
  <address>0xEBF1</address>
  <value>0x03</value>
  <compare>0x7E</compare>
  <description>Multi-Jump</description>
 </cheat>
 <cheat enabled="0" game="0x5DBD6099">
  <genie>ATXYKZEL</genie>
  <rocky>D3D1E456</rocky>
  <address>0xFA24</address>
  <value>0x60</value>
  <compare>0xB0</compare>
  <description>Freeze Timer</description>
 </cheat>
 <cheat enabled="0" game="0x5DBD6099">
  <genie>AEUTTPOT</genie>
  <rocky>FCEDC9A4</rocky>
  <address>0xE1B6</address>
  <value>0x00</value>
  <compare>0xE1</compare>
  <description>Go To The Castle To Beat The Game</description>
 </cheat>
 <cheat enabled="0" game="0x5DBD6099">
  <genie>AAXUAXGY</genie>
  <rocky>FC1AF558</rocky>
  <address>0xB228</address>
  <value>0x00</value>
  <compare>0x7C</compare>
  <description>Stars Not Needed</description>
 </cheat>
 <cheat enabled="0" game="0x5DBD6099">
  <genie>ATEYZISZ</genie>
  <rocky>D322A4FA</rocky>
  <address>0xF502</address>
  <value>0x60</value>
  <compare>0xA5</compare>
  <description>Invincible In Side-Scrolling Stages</description>
 </cheat>
 <cheat enabled="0" game="0x5DBD6099">
  <genie>LAKUTGTA</genie>
  <rocky>EEEC5FCA</rocky>
  <address>0xB44E</address>
  <value>0x03</value>
  <compare>0x06</compare>
  <description>'Life' costs less</description>
 </cheat>
 <cheat enabled="0" game="0x5DBD6099">
  <genie>GAKUTGTE</genie>
  <rocky>ABB08B74</rocky>
  <address>0xB44E</address>
  <value>0x0C</value>
  <compare>0x06</compare>
  <description>'Life' costs more</description>
 </cheat>
 <cheat enabled="0" game="0x5DBD6099">
  <genie>GAKUYKAA</genie>
  <rocky>F73F8D46</rocky>
  <address>0xB44F</address>
  <value>0x04</value>
  <compare>0x08</compare>
  <description>'Freeze' costs less</description>
 </cheat>
 <cheat enabled="0" game="0x5DBD6099">
  <genie>YAKUYKAE</genie>
  <rocky>B9E0508A</rocky>
  <address>0xB44F</address>
  <value>0x0F</value>
  <compare>0x08</compare>
  <description>'Freeze' costs more</description>
 </cheat>
 <cheat enabled="0" game="0x5DBD6099">
  <genie>IASLAKZA</genie>
  <rocky>F2D0B70C</rocky>
  <address>0xB450</address>
  <value>0x05</value>
  <compare>0x0A</compare>
  <description>'Invincible' costs less</description>
 </cheat>
 <cheat enabled="0" game="0x5DBD6099">
  <genie>GPSLAKZA</genie>
  <rocky>4F21A496</rocky>
  <address>0xB450</address>
  <value>0x14</value>
  <compare>0x0A</compare>
  <description>'Invincible' costs more</description>
 </cheat>
 <cheat enabled="0" game="0x5DBD6099">
  <genie>TASLPKGA</genie>
  <rocky>E0811C92</rocky>
  <address>0xB451</address>
  <value>0x06</value>
  <compare>0x0C</compare>
  <description>'Life Up' costs less</description>
 </cheat>
 <cheat enabled="0" game="0x5DBD6099">
  <genie>APSLPKGE</genie>
  <rocky>182CDBB6</rocky>
  <address>0xB451</address>
  <value>0x18</value>
  <compare>0x0C</compare>
  <description>'Life Up' costs more</description>
 </cheat>
 <cheat enabled="0" game="0x5DBD6099">
  <genie>PEVEIALA</genie>
  <rocky>F90E4D04</rocky>
  <address>0x80ED</address>
  <value>0x01</value>
  <compare>0x03</compare>
  <description>Start with 1 life</description>
 </cheat>
 <cheat enabled="0" game="0x5DBD6099">
  <genie>TEVEIALA</genie>
  <rocky>E04AD22A</rocky>
  <address>0x80ED</address>
  <value>0x06</value>
  <compare>0x03</compare>
  <description>Start with 6 lives</description>
 </cheat>
 <cheat enabled="0" game="0x5DBD6099">
  <genie>PEVEIALE</genie>
  <rocky>A5160694</rocky>
  <address>0x80ED</address>
  <value>0x09</value>
  <compare>0x03</compare>
  <description>Start with 9 lives</description>
 </cheat>
 <cheat enabled="0" game="0x5DBD6099">
  <genie>SXKYUOVK</genie>
  <rocky>ADEEF47A</rocky>
  <address>0xF9C3</address>
  <value>0xAD</value>
  <compare>0xCE</compare>
  <description>Never lose a life in 'attractions'</description>
 </cheat>
 <cheat enabled="0" game="0x5DBD6099">
  <genie>NYKULZKU</genie>
  <rocky>2CE50362</rocky>
  <address>0xB24B</address>
  <value>0xFF</value>
  <compare>0xB4</compare>
  <description>More 'Freeze' time</description>
 </cheat>
 <cheat enabled="0" game="0x5DBD6099">
  <genie>AGKULZKL</genie>
  <rocky>D219E38C</rocky>
  <address>0xB24B</address>
  <value>0x40</value>
  <compare>0xB4</compare>
  <description>Less 'Freeze' time</description>
 </cheat>
 <cheat enabled="0" game="0x5DBD6099">
  <genie>EGSUYXGL</genie>
  <rocky>D0FD2386</rocky>
  <address>0xB25F</address>
  <value>0xC0</value>
  <compare>0x3C</compare>
  <description>More 'Invincible' time</description>
 </cheat>
 <cheat enabled="0" game="0x5DBD6099">
  <genie>SZSTGVVK</genie>
  <rocky>ADEE24C0</rocky>
  <address>0xE654</address>
  <value>0xAD</value>
  <compare>0xCE</compare>
  <description>Infinite candles</description>
 </cheat>
 <cheat enabled="0" game="0x5DBD6099">
  <genie>EYKVNKXN</genie>
  <rocky>353D28B6</rocky>
  <address>0xEC4F</address>
  <value>0xF8</value>
  <compare>0xFA</compare>
  <description>Mega-jump</description>
 </cheat>
 <cheat enabled="0" game="0x5DBD6099">
  <genie>PAVAZPLA</genie>
  <rocky>F90E5524</rocky>
  <address>0x8162</address>
  <value>0x01</value>
  <compare>0x03</compare>
  <description>Start with less energy in attractions</description>
 </cheat>
 <cheat enabled="0" game="0x5DBD6099">
  <genie>IAVAZPLA</genie>
  <rocky>F28D5C56</rocky>
  <address>0x8162</address>
  <value>0x05</value>
  <compare>0x03</compare>
  <description>Start with more energy in attractions</description>
 </cheat>
 <cheat enabled="0" game="0x5DBD6099">
  <genie>PAVAZPLE</genie>
  <rocky>A5161EB4</rocky>
  <address>0x8162</address>
  <value>0x09</value>
  <compare>0x03</compare>
  <description>Start with even more energy in attractions</description>
 </cheat>
 <cheat enabled="0" game="0x5DBD6099">
  <genie>SXXNXPVG</genie>
  <rocky>F1F7CE6E</rocky>
  <address>0xF9AA</address>
  <value>0xA5</value>
  <compare>0xC6</compare>
  <description>Almost infinite energy in attractions</description>
 </cheat>
 <cheat enabled="0" game="0x5DBD6099">
  <genie>GXELLXSN</genie>
  <rocky>AAA80B46</rocky>
  <address>0xB283</address>
  <value>0x2C</value>
  <compare>0xFD</compare>
  <description>All items for free! (1 of 2)</description>
 </cheat>
 <cheat enabled="0" game="0x5DBD6099">
  <genie>AAXUAXGY</genie>
  <rocky>FC1AF558</rocky>
  <address>0xB228</address>
  <value>0x00</value>
  <compare>0x7C</compare>
  <description>All items for free! (2 of 2)</description>
 </cheat>
 <cheat enabled="0" game="0x5DBD6099">
  <address>0x0030</address>
  <value>0x03</value>
  <description>Infinite Energy</description>
 </cheat>
 <cheat enabled="0" game="0x5DBD6099">
  <address>0x06F2</address>
  <value>0x0A</value>
  <description>Infinite Candles</description>
 </cheat>
 <cheat enabled="0" game="0x5DBD6099">
  <address>0x06D8</address>
  <value>0x03</value>
  <description>Infinite Lives</description>
 </cheat>
 <cheat enabled="0" game="0x5DBD6099">
  <address>0x0094</address>
  <value>0x00</value>
  <description>Invincibility</description>
 </cheat>
 <cheat enabled="0" game="0x5DBD6099">
  <address>0x0095</address>
  <value>0x01</value>
  <description>Invincibility - Alternative</description>
 </cheat>
 <cheat enabled="0" game="0x5DBD6099">
  <genie>SLITGV</genie>
  <rocky>FC48305E</rocky>
  <address>0xE654</address>
  <value>0xBD</value>
  <description>Infinite Candles</description>
 </cheat>
 <cheat enabled="0" game="0x5DBD6099">
  <genie>SUGYUO</genie>
  <rocky>FC48E0E4</rocky>
  <address>0xF9C3</address>
  <value>0xBD</value>
  <description>Infinite Lives</description>
 </cheat>
 <cheat enabled="0" game="0x5DBD6099">
  <genie>ATPNTI</genie>
  <rocky>FCB439FC</rocky>
  <address>0xF51E</address>
  <value>0x60</value>
  <description>Invincibility</description>
 </cheat>
 <cheat enabled="0" game="0x5DBD6099">
  <genie>GXELLXSN</genie>
  <rocky>AAA80B46</rocky>
  <address>0xB283</address>
  <value>0x2C</value>
  <compare>0xFD</compare>
  <description>All Items For Free (1 of 2)</description>
 </cheat>
 <cheat enabled="0" game="0x5DBD6099">
  <genie>AAXUAXGY</genie>
  <rocky>FC1AF558</rocky>
  <address>0xB228</address>
  <value>0x00</value>
  <compare>0x7C</compare>
  <description>All Items For Free (2 of 2)</description>
 </cheat>
 <cheat enabled="0" game="0x5DBD6099">
  <address>0x06D8</address>
  <value>0x09</value>
  <description>Infinite Lives</description>
 </cheat>
 <cheat enabled="0" game="0x5DBD6099">
  <address>0x0030</address>
  <value>0x03</value>
  <description>Infinite Hearts (Hits)</description>
 </cheat>
 <cheat enabled="0" game="0x5DBD6099">
  <address>0x00BA</address>
  <value>0x63</value>
  <description>Have 99 Stars</description>
 </cheat>
 <cheat enabled="0" game="0x5DBD6099">
  <genie>AAKOEEPL</genie>
  <rocky>FCF5025A</rocky>
  <address>0x9848</address>
  <value>0x00</value>
  <compare>0x39</compare>
  <description>Hit Anywhere (1 of 2)</description>
 </cheat>
 <cheat enabled="0" game="0x5DBD6099">
  <genie>AAUPNEZG</genie>
  <rocky>FC99C1AC</rocky>
  <address>0x9837</address>
  <value>0x00</value>
  <compare>0x4A</compare>
  <description>Hit Anywhere (2 of 2)</description>
 </cheat>
</cheats>
<!--This file was downloaded from gamehacking.org-->
