<?xml version="1.0" encoding="UTF-8"?>
<cheats version="1.0">
 <cheat enabled="0" game="0x">
  <address>0x0103</address>
  <value>0x00</value>
  <description>Stage Modifier</description>
 </cheat>
 <cheat enabled="0" game="0x">
  <address>0x0145</address>
  <value>0x00</value>
  <description>One Hit Kills (1 of 3)</description>
 </cheat>
 <cheat enabled="0" game="0x">
  <address>0x0146</address>
  <value>0x00</value>
  <description>One Hit Kills (2 of 3)</description>
 </cheat>
 <cheat enabled="0" game="0x">
  <address>0x0147</address>
  <value>0x00</value>
  <description>One Hit Kills (3 of 3)</description>
 </cheat>
 <cheat enabled="0" game="0x">
  <address>0x03EC</address>
  <value>0x80</value>
  <description>Jump To Levitate</description>
 </cheat>
 <cheat enabled="0" game="0x">
  <address>0x04C8</address>
  <value>0x25</value>
  <description>Walk Through Enemies</description>
 </cheat>
 <cheat enabled="0" game="0x">
  <genie>OZSKISPX</genie>
  <rocky>A6ABBD28</rocky>
  <address>0xC55D</address>
  <value>0xA9</value>
  <compare>0x29</compare>
  <description>Infinite Health (1 of 2)</description>
 </cheat>
 <cheat enabled="0" game="0x">
  <genie>SZEGLVSE</genie>
  <rocky>AD970158</rocky>
  <address>0xC603</address>
  <value>0xAD</value>
  <compare>0x8D</compare>
  <description>Infinite Health (2 of 2)</description>
 </cheat>
 <cheat enabled="0" game="0x">
  <genie>GZOZIZEL</genie>
  <rocky>F65E2FE6</rocky>
  <address>0xA215</address>
  <value>0x24</value>
  <compare>0xB0</compare>
  <description>One Hit Kills</description>
 </cheat>
 <cheat enabled="0" game="0x">
  <genie>ESSAIGEY</genie>
  <rocky>687A9FBE</rocky>
  <address>0x84D5</address>
  <value>0xD0</value>
  <compare>0xF0</compare>
  <description>Invincibility</description>
 </cheat>
</cheats>
<!--This file was downloaded from gamehacking.org-->
